provider_event_id,bank_transaction_id,bank_reference,direction,amount_minor,currency,occurred_at
bt-SW-00001,BANKTXN-SW-00001,SYNTHUTRSW00001,CREDIT,4794124,INR,2026-07-02T10:35:00+00:00
bt-SW-00002,BANKTXN-SW-00002,SYNTHUTRSW00002,CREDIT,4794124,INR,2026-07-02T10:35:00+00:00
bt-SW-00003,BANKTXN-SW-00003,SYNTHUTRSW00003,CREDIT,1347432,INR,2026-07-02T10:35:00+00:00
bt-SW-00004,BANKTXN-SW-00004,SYNTHUTRSW00004,CREDIT,1347432,INR,2026-07-02T10:35:00+00:00
bt-SW-00005,BANKTXN-SW-00005,SYNTHUTRSW00005,CREDIT,3109834,INR,2026-07-02T10:35:00+00:00
bt-SW-00006,BANKTXN-SW-00006,SYNTHUTRSW00006,CREDIT,3109834,INR,2026-07-02T10:35:00+00:00
bt-SW-00007,BANKTXN-SW-00007,SYNTHUTRSW00007,CREDIT,4759950,INR,2026-07-02T10:35:00+00:00
bt-SW-00008,BANKTXN-SW-00008,SYNTHUTRSW00008,CREDIT,4759950,INR,2026-07-02T10:35:00+00:00
bt-SW-00009,BANKTXN-SW-00009,SYNTHUTRSW00009,CREDIT,4398682,INR,2026-07-02T10:35:00+00:00
bt-SW-00010,BANKTXN-SW-00010,SYNTHUTRSW00010,CREDIT,4398682,INR,2026-07-02T10:35:00+00:00
bt-SW-00011,BANKTXN-SW-00011,SYNTHUTRSW00011,CREDIT,87876,INR,2026-07-02T10:35:00+00:00
bt-SW-00012,BANKTXN-SW-00012,SYNTHUTRSW00012,CREDIT,87876,INR,2026-07-02T10:35:00+00:00
bt-SW-00013,BANKTXN-SW-00013,SYNTHUTRSW00013,CREDIT,795766,INR,2026-07-02T10:35:00+00:00
bt-SW-00014,BANKTXN-SW-00014,SYNTHUTRSW00014,CREDIT,795766,INR,2026-07-02T10:35:00+00:00
bt-SW-00015,BANKTXN-SW-00015,SYNTHUTRSW00015,CREDIT,639542,INR,2026-07-02T10:35:00+00:00
bt-SW-00016,BANKTXN-SW-00016,SYNTHUTRSW00016,CREDIT,639542,INR,2026-07-02T10:35:00+00:00
bt-SW-00017,BANKTXN-SW-00017,SYNTHUTRSW00017,CREDIT,2924318,INR,2026-07-02T10:35:00+00:00
bt-SW-00018,BANKTXN-SW-00018,SYNTHUTRSW00018,CREDIT,2924318,INR,2026-07-02T10:35:00+00:00
bt-SW-00019,BANKTXN-SW-00019,SYNTHUTRSW00019,CREDIT,419852,INR,2026-07-02T10:35:00+00:00
bt-SW-00020,BANKTXN-SW-00020,SYNTHUTRSW00021,CREDIT,3847016,INR,2026-07-02T10:35:00+00:00
bt-SW-00021,BANKTXN-SW-00021,SYNTHUTRSW00023,CREDIT,1220500,INR,2026-07-02T10:35:00+00:00
bt-SW-00022,BANKTXN-SW-00022,SYNTHUTRSW00025,CREDIT,3973948,INR,2026-07-02T10:35:00+00:00
bt-SW-00023,BANKTXN-SW-00023,SYNTHUTRSW00026,CREDIT,3973948,INR,2026-07-02T10:35:00+00:00
bt-SW-00024,BANKTXN-SW-00024,SYNTHUTRSW00027,CREDIT,278274,INR,2026-07-02T10:35:00+00:00
bt-SW-00025,BANKTXN-SW-00025,SYNTHUTRSW00028,CREDIT,278274,INR,2026-07-02T10:35:00+00:00
bt-SW-00026,BANKTXN-SW-00026,SYNTHUTRSW00029,CREDIT,2860852,INR,2026-07-02T10:35:00+00:00
bt-SW-00027,BANKTXN-SW-00027,SYNTHUTRSW00030,CREDIT,2860852,INR,2026-07-02T10:35:00+00:00
bt-SW-00028,BANKTXN-SW-00028,SYNTHUTRSW00031,CREDIT,2055322,INR,2026-07-02T10:35:00+00:00
bt-SW-00029,BANKTXN-SW-00029,SYNTHUTRSW00032,CREDIT,2055323,INR,2026-07-02T10:35:00+00:00
bt-SW-00030,BANKTXN-SW-00030,SYNTHUTRSW00033,CREDIT,1371842,INR,2026-07-02T10:35:00+00:00
bt-SW-00031,BANKTXN-SW-00031,SYNTHUTRSW00034,CREDIT,1371843,INR,2026-07-02T10:35:00+00:00
bt-SW-00032,BANKTXN-SW-00032,SYNTHUTRSW00035,CREDIT,2768094,INR,2026-07-02T10:35:00+00:00
bt-SW-00033,BANKTXN-SW-00033,SYNTHUTRSW00036,CREDIT,2768095,INR,2026-07-02T10:35:00+00:00
bt-SW-00034,BANKTXN-SW-00034,SYNTHUTRSW00037,CREDIT,1240028,INR,2026-07-02T10:35:00+00:00
bt-SW-00035,BANKTXN-SW-00035,SYNTHUTRSW00038,CREDIT,1240028,INR,2026-07-02T10:35:00+00:00
bt-SW-00036,BANKTXN-SW-00036,SYNTHUTRSW00039,CREDIT,4227812,INR,2026-07-02T10:35:00+00:00
bt-SW-00037,BANKTXN-SW-00037,SYNTHUTRSW00040,CREDIT,4227812,INR,2026-07-02T10:35:00+00:00
bt-SW-00038,BANKTXN-SW-00038,SYNTHUTRSW00041,CREDIT,883642,INR,2026-07-02T10:35:00+00:00
bt-SW-00039,BANKTXN-SW-00039,SYNTHUTRSW00042,CREDIT,883642,INR,2026-07-02T10:35:00+00:00
bt-SW-00040,BANKTXN-SW-00040,SYNTHUTRSW00043,CREDIT,703008,INR,2026-07-02T10:35:00+00:00
bt-SW-00041,BANKTXN-SW-00041,SYNTHUTRSW00044,CREDIT,703008,INR,2026-07-02T10:35:00+00:00
bt-SW-00042,BANKTXN-SW-00042,SYNTHUTRSW00045,CREDIT,2533758,INR,2026-07-02T10:35:00+00:00
bt-SW-00043,BANKTXN-SW-00043,SYNTHUTRSW00046,CREDIT,2533758,INR,2026-07-02T10:35:00+00:00
bt-SW-00044,BANKTXN-SW-00044,SYNTHUTRSW00047,CREDIT,3578506,INR,2026-07-02T10:35:00+00:00
bt-SW-00045,BANKTXN-SW-00045,SYNTHUTRSW00048,CREDIT,3578506,INR,2026-07-02T10:35:00+00:00
bt-SW-00046,BANKTXN-SW-00046,SYNTHUTRSW00049,CREDIT,1015456,INR,2026-07-02T10:35:00+00:00
bt-SW-00047,BANKTXN-SW-00047,SYNTHUTRSW00050,CREDIT,1015457,INR,2026-07-02T10:35:00+00:00
bt-SW-00048,BANKTXN-SW-00048,SYNTHUTRSW00051,CREDIT,2958492,INR,2026-07-02T10:35:00+00:00
bt-SW-00049,BANKTXN-SW-00049,SYNTHUTRSW00052,CREDIT,2958493,INR,2026-07-02T10:35:00+00:00
bt-SW-00050,BANKTXN-SW-00050,SYNTHUTRSW00053,CREDIT,2143198,INR,2026-07-02T10:35:00+00:00
bt-SW-00051,BANKTXN-SW-00051,SYNTHUTRSW00054,CREDIT,2143199,INR,2026-07-02T10:35:00+00:00
bt-SW-00052,BANKTXN-SW-00052,SYNTHUTRSW00055,CREDIT,4325452,INR,2026-07-02T10:35:00+00:00
bt-SW-00053,BANKTXN-SW-00053,SYNTHUTRSW00056,CREDIT,2558168,INR,2026-07-02T10:35:00+00:00
bt-SW-00054,BANKTXN-SW-00054,SYNTHUTRSW00057,CREDIT,1176562,INR,2026-07-02T10:35:00+00:00
bt-SW-00055,BANKTXN-SW-00055,SYNTHUTRSW00058,CREDIT,3803078,INR,2026-07-02T10:35:00+00:00
bt-SW-00056,BANKTXN-SW-00056,SYNTHUTRSW00059,CREDIT,2397062,INR,2026-07-02T10:35:00+00:00
